<?xml version="1.0" encoding="UTF-8"?>
<!DOCTYPE plist PUBLIC "-//Apple//DTD PLIST 1.0//EN" "http://www.apple.com/DTDs/PropertyList-1.0.dtd">
<plist version="1.0">
<dict>
	<key>files</key>
	<dict>
		<key>Resources/Data/Managed/Assembly-CSharp.dll</key>
		<data>
		XEtjKSAy3jmsf7let8/uCwXe2FM=
		</data>
		<key>Resources/Data/Managed/Mono.Security.dll</key>
		<data>
		F1dgY5YA7Cxl1nJPWmU3t9j2p/E=
		</data>
		<key>Resources/Data/Managed/Newtonsoft.Json.dll</key>
		<data>
		1CRb2OpXbEJQlQszfV0QR8EscDo=
		</data>
		<key>Resources/Data/Managed/System.ComponentModel.Composition.dll</key>
		<data>
		lwHlXai9LMViXjQzD9LitzK5Oio=
		</data>
		<key>Resources/Data/Managed/System.Configuration.dll</key>
		<data>
		IwcTjdAyyCX2LBoB+GQ1L6J8CkA=
		</data>
		<key>Resources/Data/Managed/System.Core.dll</key>
		<data>
		6DQtaSH5u7f18l//DmLHCWR5gtI=
		</data>
		<key>Resources/Data/Managed/System.Data.DataSetExtensions.dll</key>
		<data>
		aFuZVfC1NwyUx0Ye1aqxxulK2DM=
		</data>
		<key>Resources/Data/Managed/System.Data.dll</key>
		<data>
		zKsO1S8MsfvifdA6ecNnJEayqhg=
		</data>
		<key>Resources/Data/Managed/System.Drawing.dll</key>
		<data>
		XCHYNlkK8qEnGZFriahPOamHPJE=
		</data>
		<key>Resources/Data/Managed/System.EnterpriseServices.dll</key>
		<data>
		h/QvbIXnxNm6MI44hSwd2Wl5oOE=
		</data>
		<key>Resources/Data/Managed/System.IO.Compression.FileSystem.dll</key>
		<data>
		l7LRcol4szTs+H6YXVlhSVkIqdE=
		</data>
		<key>Resources/Data/Managed/System.IO.Compression.dll</key>
		<data>
		/9wkvW7UF4J0nBNX5d74/8x4mlo=
		</data>
		<key>Resources/Data/Managed/System.Net.Http.dll</key>
		<data>
		1EAeidIEItj9CwZBIYPsbrJpUow=
		</data>
		<key>Resources/Data/Managed/System.Numerics.dll</key>
		<data>
		nIPOfW8DI4c4IsEzw8rgY2IkhLQ=
		</data>
		<key>Resources/Data/Managed/System.Runtime.Serialization.dll</key>
		<data>
		T1zrgQpWbrI9paMMosaFZkrDL6g=
		</data>
		<key>Resources/Data/Managed/System.Runtime.dll</key>
		<data>
		nfQKJ5UuCcPs+exjKyfhfwokuU8=
		</data>
		<key>Resources/Data/Managed/System.Security.dll</key>
		<data>
		C6T5VqmQF95Wr2T3N9m18GzOqwc=
		</data>
		<key>Resources/Data/Managed/System.ServiceModel.Internals.dll</key>
		<data>
		tcjBmXP2ZgtPE4I2/m5bqFRbPU0=
		</data>
		<key>Resources/Data/Managed/System.Transactions.dll</key>
		<data>
		xrsZfHie4AdjwPfkcU1mpHXEGqI=
		</data>
		<key>Resources/Data/Managed/System.Xml.Linq.dll</key>
		<data>
		mLMoY/D8Rf3e7B46fb9DFdAsZYs=
		</data>
		<key>Resources/Data/Managed/System.Xml.dll</key>
		<data>
		8VjPKx3qezDu5e+kisZ8ydK3Q3g=
		</data>
		<key>Resources/Data/Managed/System.dll</key>
		<data>
		yOVOwC6BE3+s7bt8fwPpOOR6lOs=
		</data>
		<key>Resources/Data/Managed/Unity.2D.Animation.Runtime.dll</key>
		<data>
		t289WGM5/uFm8+KKQ8zXbrCCC7k=
		</data>
		<key>Resources/Data/Managed/Unity.2D.Common.Runtime.dll</key>
		<data>
		O/R9Z8pXl1gmCFd2PRs9aNFOfW4=
		</data>
		<key>Resources/Data/Managed/Unity.2D.IK.Runtime.dll</key>
		<data>
		VA6aFJSAveIC5ld+bkg40kb2N4Q=
		</data>
		<key>Resources/Data/Managed/Unity.2D.PixelPerfect.dll</key>
		<data>
		Qbu6l6eMf5p29vo8KfR/IY+rGx0=
		</data>
		<key>Resources/Data/Managed/Unity.2D.SpriteShape.Runtime.dll</key>
		<data>
		0NKUJm+18EigG668MLG7zL0Pt5M=
		</data>
		<key>Resources/Data/Managed/Unity.2D.Tilemap.Extras.dll</key>
		<data>
		u7Nz1p2iltPQc1aXeJ8DlyBuMSM=
		</data>
		<key>Resources/Data/Managed/Unity.Burst.Cecil.Mdb.dll</key>
		<data>
		ulsFAe07DCrLXEvFSPWZ23YFtQ8=
		</data>
		<key>Resources/Data/Managed/Unity.Burst.Cecil.Pdb.dll</key>
		<data>
		tH6XUtiUuCkSb1CdzddpMKlexpo=
		</data>
		<key>Resources/Data/Managed/Unity.Burst.Cecil.Rocks.dll</key>
		<data>
		J3G09FR7X9+LBx07itnub4pT4RA=
		</data>
		<key>Resources/Data/Managed/Unity.Burst.Cecil.dll</key>
		<data>
		XtvXBdaVcxZ6d5lIuRmmzUTSsO4=
		</data>
		<key>Resources/Data/Managed/Unity.Burst.Unsafe.dll</key>
		<data>
		OzTLs/dqc+LxRXHBBSAtxfFH2Ds=
		</data>
		<key>Resources/Data/Managed/Unity.Burst.dll</key>
		<data>
		OblRLVX/fXVM8FOCm+w+FGZBSoo=
		</data>
		<key>Resources/Data/Managed/Unity.InternalAPIEngineBridge.001.dll</key>
		<data>
		q17ACz/q0TTPbStFHLnTPJezaKk=
		</data>
		<key>Resources/Data/Managed/Unity.Mathematics.dll</key>
		<data>
		QLJWe4szZ6+/VK/mw5CZJeho/Us=
		</data>
		<key>Resources/Data/Managed/Unity.TextMeshPro.dll</key>
		<data>
		nv8GhxdrmsoUsgrShbeP3qysXSU=
		</data>
		<key>Resources/Data/Managed/Unity.Timeline.dll</key>
		<data>
		J36lKJuObY4IcWnO/4HCGlvqF8c=
		</data>
		<key>Resources/Data/Managed/Unity.VisualScripting.Antlr3.Runtime.dll</key>
		<data>
		cAegsbB3SlenkMF+DyfqCn9IQ/k=
		</data>
		<key>Resources/Data/Managed/Unity.VisualScripting.Core.dll</key>
		<data>
		PObJo0AVSm6Pdcq//wlkAR+aSzg=
		</data>
		<key>Resources/Data/Managed/Unity.VisualScripting.Flow.dll</key>
		<data>
		Ihfo72Wc54D8XqlNV15UZVaTQgM=
		</data>
		<key>Resources/Data/Managed/Unity.VisualScripting.State.dll</key>
		<data>
		cxKgV1lwNN7hWzm++B8t3MrK+n8=
		</data>
		<key>Resources/Data/Managed/UnityEngine.AIModule.dll</key>
		<data>
		/EG5vYcaF0rV3wRnhR5Tgkx+NFo=
		</data>
		<key>Resources/Data/Managed/UnityEngine.ARModule.dll</key>
		<data>
		pZaSMPZjInJR7g0xpjRZyrn6GiQ=
		</data>
		<key>Resources/Data/Managed/UnityEngine.AccessibilityModule.dll</key>
		<data>
		KFOSSBglWBpVZFUaXEfg7WgORqg=
		</data>
		<key>Resources/Data/Managed/UnityEngine.AndroidJNIModule.dll</key>
		<data>
		1ILfZlZdxKVwLsLN/xyXvnHqrdY=
		</data>
		<key>Resources/Data/Managed/UnityEngine.AnimationModule.dll</key>
		<data>
		CxQDSfIOMK4OXjT91T15Gv4eeIo=
		</data>
		<key>Resources/Data/Managed/UnityEngine.AssetBundleModule.dll</key>
		<data>
		4/6gM08P5iBe/HwHgaAzW1Be4/M=
		</data>
		<key>Resources/Data/Managed/UnityEngine.AudioModule.dll</key>
		<data>
		H9RHWA1C0ZbaKa4l+/b4GunOOiE=
		</data>
		<key>Resources/Data/Managed/UnityEngine.ClothModule.dll</key>
		<data>
		60J6VrZRn2rI2MMe7hcLknFvOUE=
		</data>
		<key>Resources/Data/Managed/UnityEngine.ClusterInputModule.dll</key>
		<data>
		CnRe4mc7IBYxk0tUUzKkof6+dxE=
		</data>
		<key>Resources/Data/Managed/UnityEngine.ClusterRendererModule.dll</key>
		<data>
		66DXWxddV5eg4T4SNQPFnQLypA0=
		</data>
		<key>Resources/Data/Managed/UnityEngine.CoreModule.dll</key>
		<data>
		LkmtyPl23hRs459HLqrzqxq+vi4=
		</data>
		<key>Resources/Data/Managed/UnityEngine.CrashReportingModule.dll</key>
		<data>
		VpNjL/ej0zuz8fJnzGyYiti+D+I=
		</data>
		<key>Resources/Data/Managed/UnityEngine.DSPGraphModule.dll</key>
		<data>
		BtRS4k968mlk+kJaoZaU+ae0rNA=
		</data>
		<key>Resources/Data/Managed/UnityEngine.DirectorModule.dll</key>
		<data>
		cAgmkQcaWlk9u4A0bVjyfPzIfxs=
		</data>
		<key>Resources/Data/Managed/UnityEngine.GIModule.dll</key>
		<data>
		i91F7Pfp7V7v6RhWd3wKu4CnNm4=
		</data>
		<key>Resources/Data/Managed/UnityEngine.GameCenterModule.dll</key>
		<data>
		1RCENXddCHCmQ7pAFroIIShQzQE=
		</data>
		<key>Resources/Data/Managed/UnityEngine.GridModule.dll</key>
		<data>
		ePP7YlmZ9Z2m+Eymb3Inbu8A2hc=
		</data>
		<key>Resources/Data/Managed/UnityEngine.HotReloadModule.dll</key>
		<data>
		SbP9T+G8QoEQKI0w73xeclbbDnI=
		</data>
		<key>Resources/Data/Managed/UnityEngine.IMGUIModule.dll</key>
		<data>
		vYkyoxfijQ5SnnulBJSjh/CipqI=
		</data>
		<key>Resources/Data/Managed/UnityEngine.ImageConversionModule.dll</key>
		<data>
		ZXHLIAIWL5dTPc/1yRMNEjw2L7c=
		</data>
		<key>Resources/Data/Managed/UnityEngine.InputLegacyModule.dll</key>
		<data>
		HjOgHy/1EHxa5/XDC7EC0s+krfU=
		</data>
		<key>Resources/Data/Managed/UnityEngine.InputModule.dll</key>
		<data>
		f4DWyRjuU+Ld0mnfMlFWOrBzQuc=
		</data>
		<key>Resources/Data/Managed/UnityEngine.JSONSerializeModule.dll</key>
		<data>
		Hmy88My5IJWH5K+XlLU3y2vHkmA=
		</data>
		<key>Resources/Data/Managed/UnityEngine.LocalizationModule.dll</key>
		<data>
		wiMaHz2U6jdcBXQnunolgWYJhh0=
		</data>
		<key>Resources/Data/Managed/UnityEngine.ParticleSystemModule.dll</key>
		<data>
		Is+RH5Gi6p4dkFifzlWDCoioPmg=
		</data>
		<key>Resources/Data/Managed/UnityEngine.PerformanceReportingModule.dll</key>
		<data>
		Mpt0CFyl4XwGnN57UdO9w2kxnUk=
		</data>
		<key>Resources/Data/Managed/UnityEngine.Physics2DModule.dll</key>
		<data>
		4GP9qPQ92UBjHydH4QzND6x56OA=
		</data>
		<key>Resources/Data/Managed/UnityEngine.PhysicsModule.dll</key>
		<data>
		HD3JVtJgMbVQNpX7lNywxvxud54=
		</data>
		<key>Resources/Data/Managed/UnityEngine.ProfilerModule.dll</key>
		<data>
		ilbaTvrykUwxRx5/BuPK8otwj8o=
		</data>
		<key>Resources/Data/Managed/UnityEngine.RuntimeInitializeOnLoadManagerInitializerModule.dll</key>
		<data>
		K4QgjXDg/H7yYURAz1XZ7JLYdkg=
		</data>
		<key>Resources/Data/Managed/UnityEngine.ScreenCaptureModule.dll</key>
		<data>
		n7seOD7XW2v43qLc3G+GZJsys54=
		</data>
		<key>Resources/Data/Managed/UnityEngine.SharedInternalsModule.dll</key>
		<data>
		ALCLP2TH43TypcH7IMwc7X2elZw=
		</data>
		<key>Resources/Data/Managed/UnityEngine.SpriteMaskModule.dll</key>
		<data>
		ENtrKWP8IgIurTmxymMbGvmi/8g=
		</data>
		<key>Resources/Data/Managed/UnityEngine.SpriteShapeModule.dll</key>
		<data>
		gmQGrAhXBABOuVyuTjyYlDpaYzQ=
		</data>
		<key>Resources/Data/Managed/UnityEngine.StreamingModule.dll</key>
		<data>
		tDVNXmNALuBEV98j8nYlL7elHAs=
		</data>
		<key>Resources/Data/Managed/UnityEngine.SubstanceModule.dll</key>
		<data>
		8s4I9/ClKJ7b9jViK/BYYfglemk=
		</data>
		<key>Resources/Data/Managed/UnityEngine.SubsystemsModule.dll</key>
		<data>
		bHGsoOuRVJplFIrq58Yddt84Ryo=
		</data>
		<key>Resources/Data/Managed/UnityEngine.TLSModule.dll</key>
		<data>
		2wUgyYMEM5ixGJKfNI3EUdFUPb4=
		</data>
		<key>Resources/Data/Managed/UnityEngine.TerrainModule.dll</key>
		<data>
		VsyJhjiHps74aQIKhtgvelUAV9w=
		</data>
		<key>Resources/Data/Managed/UnityEngine.TerrainPhysicsModule.dll</key>
		<data>
		wIn4BudF1kf2kBubOjgNXdo3/Ro=
		</data>
		<key>Resources/Data/Managed/UnityEngine.TextCoreFontEngineModule.dll</key>
		<data>
		5+Ejw8p1aIGpTeWdqj/IUACy1t0=
		</data>
		<key>Resources/Data/Managed/UnityEngine.TextCoreTextEngineModule.dll</key>
		<data>
		CGULvUIam8TgozFKMkksZGrftOY=
		</data>
		<key>Resources/Data/Managed/UnityEngine.TextRenderingModule.dll</key>
		<data>
		prSDv+tgALuDyTYvuAYGnhq0isM=
		</data>
		<key>Resources/Data/Managed/UnityEngine.TilemapModule.dll</key>
		<data>
		IJGXDGnDPrVAYO81cCmMdyil33Y=
		</data>
		<key>Resources/Data/Managed/UnityEngine.UI.dll</key>
		<data>
		3QTfRgj+ZpDfwiDcZmQ3MwQDqng=
		</data>
		<key>Resources/Data/Managed/UnityEngine.UIElementsModule.dll</key>
		<data>
		Qpn2ma15D2DkZPJDpt+MK33++M4=
		</data>
		<key>Resources/Data/Managed/UnityEngine.UIElementsNativeModule.dll</key>
		<data>
		kHlLG5R6skcvzdEIKMh3xJsIwoE=
		</data>
		<key>Resources/Data/Managed/UnityEngine.UIModule.dll</key>
		<data>
		vVFgSu6y9Ze7oBHwGZUsSKBSEPA=
		</data>
		<key>Resources/Data/Managed/UnityEngine.UNETModule.dll</key>
		<data>
		NOR3YIDbFuTQo147hNSldnVBNlQ=
		</data>
		<key>Resources/Data/Managed/UnityEngine.UmbraModule.dll</key>
		<data>
		RvCcSbcoMrPmxQP0flaYp5Psg2k=
		</data>
		<key>Resources/Data/Managed/UnityEngine.UnityAnalyticsModule.dll</key>
		<data>
		aqhtBbI30RjjeeiVsXvQRaaOmQs=
		</data>
		<key>Resources/Data/Managed/UnityEngine.UnityConnectModule.dll</key>
		<data>
		NVpLca26tMJ+m7L3tGKHDc1o8iU=
		</data>
		<key>Resources/Data/Managed/UnityEngine.UnityCurlModule.dll</key>
		<data>
		hng4sbUyraGKrW17B+CMyypAxKg=
		</data>
		<key>Resources/Data/Managed/UnityEngine.UnityTestProtocolModule.dll</key>
		<data>
		tvOmCWQe2whMzA39rUoJf8gAREY=
		</data>
		<key>Resources/Data/Managed/UnityEngine.UnityWebRequestAssetBundleModule.dll</key>
		<data>
		SHQP14A9jJg8ydDtlWgRYOjJ2BQ=
		</data>
		<key>Resources/Data/Managed/UnityEngine.UnityWebRequestAudioModule.dll</key>
		<data>
		kL3Lo6Mi3pwECTFs9/tvags7LFw=
		</data>
		<key>Resources/Data/Managed/UnityEngine.UnityWebRequestModule.dll</key>
		<data>
		SpUGhad27JZJlqfd8ZQdbK2KA+8=
		</data>
		<key>Resources/Data/Managed/UnityEngine.UnityWebRequestTextureModule.dll</key>
		<data>
		zaf4pAjuZRcnPOagP4Qfp9hSpEE=
		</data>
		<key>Resources/Data/Managed/UnityEngine.UnityWebRequestWWWModule.dll</key>
		<data>
		pxSdgu1kid3InRjtbs2NZRuQ8Ns=
		</data>
		<key>Resources/Data/Managed/UnityEngine.VFXModule.dll</key>
		<data>
		FBHv5wyihzdk+sbMga2Ls0eRSXE=
		</data>
		<key>Resources/Data/Managed/UnityEngine.VRModule.dll</key>
		<data>
		gfOmeDM8Lo2UpPXxUPc8WXevuj4=
		</data>
		<key>Resources/Data/Managed/UnityEngine.VehiclesModule.dll</key>
		<data>
		U3tGWSUJwtlep6gcXMfXxw97Ukk=
		</data>
		<key>Resources/Data/Managed/UnityEngine.VideoModule.dll</key>
		<data>
		/eI8P/PNQTWGGN9IAs6ESWQUXzw=
		</data>
		<key>Resources/Data/Managed/UnityEngine.VirtualTexturingModule.dll</key>
		<data>
		SIosK74oo7Jgat6w9MD7srxzJ1Q=
		</data>
		<key>Resources/Data/Managed/UnityEngine.WindModule.dll</key>
		<data>
		9dlX5QQs+JtombNGPtbJdrjBxiQ=
		</data>
		<key>Resources/Data/Managed/UnityEngine.XRModule.dll</key>
		<data>
		S0we4S1ZZM/eCO6O5mAbYfcKge0=
		</data>
		<key>Resources/Data/Managed/UnityEngine.dll</key>
		<data>
		NyKD7M/kEQ8Bc56JO7i/TUnfLac=
		</data>
		<key>Resources/Data/Managed/mscorlib.dll</key>
		<data>
		AcX1w9fVbulTriN1D6UmpXuGnk8=
		</data>
		<key>Resources/Data/Managed/netstandard.dll</key>
		<data>
		ZmdUTQu7ZBl0RHOuuCCoy2+KS58=
		</data>
		<key>Resources/Data/Resources/unity_builtin_extra</key>
		<data>
		DFJCjv1BxF9hIrum+SkwC+ra78M=
		</data>
		<key>Resources/Data/RuntimeInitializeOnLoads.json</key>
		<data>
		Mms6ZGRunCP1+hC3tYmgjE6v7d0=
		</data>
		<key>Resources/Data/ScriptingAssemblies.json</key>
		<data>
		AHzqV8RfFNROkZ3MDwsoYsg70vc=
		</data>
		<key>Resources/Data/app.info</key>
		<data>
		E2ihRrFa5BBqBepuzBAPLw3X2QI=
		</data>
		<key>Resources/Data/boot.config</key>
		<data>
		B1FkgzcuObgo+KTYpvPhPypgeyI=
		</data>
		<key>Resources/Data/globalgamemanagers</key>
		<data>
		LnVz7sG1FAz8OHpgPqW//GL72Ew=
		</data>
		<key>Resources/Data/globalgamemanagers.assets</key>
		<data>
		bj4704QMjIcxxfzTiia1Rd0cfWw=
		</data>
		<key>Resources/Data/level0</key>
		<data>
		yIsPHnX+SQyoLdSVLI9vPaZv9r4=
		</data>
		<key>Resources/Data/level1</key>
		<data>
		ylcnIgSCXmYWXCPW0BN1H0UjBbc=
		</data>
		<key>Resources/Data/level10</key>
		<data>
		0qEPrRvFCuBWDEIHR1gtf4YOgqE=
		</data>
		<key>Resources/Data/level11</key>
		<data>
		LPs/q4etlLAYzrYe0nnoeP+/96A=
		</data>
		<key>Resources/Data/level12</key>
		<data>
		9rYvDOGbhjXimkraNP+MVMEP3Pg=
		</data>
		<key>Resources/Data/level13</key>
		<data>
		BnS3cbv0dO9uwlvBLwmMoPTaRWg=
		</data>
		<key>Resources/Data/level2</key>
		<data>
		ufQvlfvrcoRVMKiEBDTCSFUDnXQ=
		</data>
		<key>Resources/Data/level3</key>
		<data>
		5cLxYiGsFvB2Ogh052FnBVWWE9A=
		</data>
		<key>Resources/Data/level4</key>
		<data>
		13OFyqUkYb8D2oJS7reY6mQorDk=
		</data>
		<key>Resources/Data/level5</key>
		<data>
		gM2HsEqrQnGtmjxZmxr1wsW0Tas=
		</data>
		<key>Resources/Data/level6</key>
		<data>
		JpHcSrj5QROZM0Gk/KUfrwEO8B0=
		</data>
		<key>Resources/Data/level7</key>
		<data>
		7x1VL4CxFGWczIF9CSE/0sywiU4=
		</data>
		<key>Resources/Data/level8</key>
		<data>
		7iOjOO9zaS7geTblsJdkrgVUAnI=
		</data>
		<key>Resources/Data/level9</key>
		<data>
		FqmMyb3BTWx/aDDtMlAKabwxP6Y=
		</data>
		<key>Resources/Data/resources.assets</key>
		<data>
		zFIDwezXxOv4lA2tHsMYVtv7AUw=
		</data>
		<key>Resources/Data/resources.assets.resS</key>
		<data>
		cwr5DYvuiN5GeuGWOnHToJ1S5nM=
		</data>
		<key>Resources/Data/sharedassets0.assets</key>
		<data>
		lLXilvg+C2BUjvOV0xbfpQWSczA=
		</data>
		<key>Resources/Data/sharedassets0.assets.resS</key>
		<data>
		LucxineecZ4TLWKVeMh/Un5O+iA=
		</data>
		<key>Resources/Data/sharedassets1.assets</key>
		<data>
		qCnZ04nQE1jJ6062td2/dF+r0ZE=
		</data>
		<key>Resources/Data/sharedassets1.assets.resS</key>
		<data>
		oDXqfVOmlJ3y2l5POeKBRwPO9Lc=
		</data>
		<key>Resources/Data/sharedassets1.resource</key>
		<data>
		Z31nT5qLi82SLshaV9nAG6zAQKI=
		</data>
		<key>Resources/Data/sharedassets10.assets</key>
		<data>
		yin66iGupG59HCxARuG40LXVRFI=
		</data>
		<key>Resources/Data/sharedassets10.assets.resS</key>
		<data>
		NImlwJRaJh/YemLp+lC+zo4Nz84=
		</data>
		<key>Resources/Data/sharedassets11.assets</key>
		<data>
		bF0IHZH3GJrRCq2SNXaI4DU/Sbk=
		</data>
		<key>Resources/Data/sharedassets11.assets.resS</key>
		<data>
		32PPRjCs+qYbLahaxjTuQeYhKyE=
		</data>
		<key>Resources/Data/sharedassets11.resource</key>
		<data>
		LgAuI0fi0Z2gbqhaCRwCyYbE5J8=
		</data>
		<key>Resources/Data/sharedassets12.assets</key>
		<data>
		Uez89oNET7u+D81Rnkt8TeSN1Rw=
		</data>
		<key>Resources/Data/sharedassets12.assets.resS</key>
		<data>
		YbDoHPRPg001aA7iaHRJOb3jQJo=
		</data>
		<key>Resources/Data/sharedassets12.resource</key>
		<data>
		JYZ18H2aGk/wBfZIWCa7vtFo4yE=
		</data>
		<key>Resources/Data/sharedassets13.assets</key>
		<data>
		PgYK5CHTsAo5TAYfrGxEjH4YUR8=
		</data>
		<key>Resources/Data/sharedassets13.assets.resS</key>
		<data>
		ax2aIq59ucVZ8vLlMpS7z2PA1/w=
		</data>
		<key>Resources/Data/sharedassets13.resource</key>
		<data>
		Ft8yziCc4mTjkDhAqIFGELnuLvI=
		</data>
		<key>Resources/Data/sharedassets2.assets</key>
		<data>
		/QPEDl1yzJb/FJdPVNdUUGzIRdg=
		</data>
		<key>Resources/Data/sharedassets2.assets.resS</key>
		<data>
		fOT16EyBdtRk9UFzg+RI8AmTvUg=
		</data>
		<key>Resources/Data/sharedassets3.assets</key>
		<data>
		GtwwkLeS9siLyzR6q4poMXhUcFc=
		</data>
		<key>Resources/Data/sharedassets3.assets.resS</key>
		<data>
		FKCepXf53sFaqXArTy7ObUNhqoE=
		</data>
		<key>Resources/Data/sharedassets4.assets</key>
		<data>
		M5Xe9XrkVpTUtkajha7pF+eJXCo=
		</data>
		<key>Resources/Data/sharedassets4.assets.resS</key>
		<data>
		aC3Fljagv2R/nUevoZJ9UNW/hH0=
		</data>
		<key>Resources/Data/sharedassets5.assets</key>
		<data>
		JZ9N4OeM6LYqcsnJQxxYu5RSX+M=
		</data>
		<key>Resources/Data/sharedassets6.assets</key>
		<data>
		pMpgMc3JQjIzTV4QiRqM5D9Y8ek=
		</data>
		<key>Resources/Data/sharedassets6.assets.resS</key>
		<data>
		idjmn4aGHrgxLIGL872KaqqxUMA=
		</data>
		<key>Resources/Data/sharedassets7.assets</key>
		<data>
		Zlql16IG6wxdxQNTClaPHJ0J/Zk=
		</data>
		<key>Resources/Data/sharedassets7.assets.resS</key>
		<data>
		58kXqR8VGQpxSjSa4++fmCob7h8=
		</data>
		<key>Resources/Data/sharedassets8.assets</key>
		<data>
		Tn5wbbKImCFE8zAUFNUXvRvTXEI=
		</data>
		<key>Resources/Data/sharedassets8.assets.resS</key>
		<data>
		XiLw9mQtB68f4DtTeaeogPmr9Ig=
		</data>
		<key>Resources/Data/sharedassets9.assets</key>
		<data>
		xH+M7iSF/JQQPQAOL8JBuW7je1Q=
		</data>
		<key>Resources/Data/sharedassets9.assets.resS</key>
		<data>
		tADCjWTEr0trGD0n1wtLyxRmrb8=
		</data>
		<key>Resources/DefaultPreferences.plist</key>
		<data>
		328gBco4OE4lwDcEUI4+p+dVOLg=
		</data>
		<key>Resources/MainMenu.nib/designable.nib</key>
		<data>
		2IP4b7ubCnWV55RHCalaHT5vaGQ=
		</data>
		<key>Resources/MainMenu.nib/keyedobjects.nib</key>
		<data>
		0pKU0tdl1Ei4v7c0cAAQPj+MzEY=
		</data>
		<key>Resources/unity default resources</key>
		<data>
		DAbd0gYEnaWImuo2x2rKApuz5Ag=
		</data>
	</dict>
	<key>files2</key>
	<dict>
		<key>Frameworks/UnityPlayer.dylib</key>
		<dict>
			<key>cdhash</key>
			<data>
			9OY0Ga8WcGOTAQfdvIah0MKWkNg=
			</data>
			<key>requirement</key>
			<string>cdhash H"f4e63419af167063930107ddbc86a1d0c29690d8" or cdhash H"27d2a6727cf2d1cd5cc8db95751277f0cc3b9224"</string>
		</dict>
		<key>Frameworks/libMonoPosixHelper.dylib</key>
		<dict>
			<key>cdhash</key>
			<data>
			Q+AqZVoUmXhMEQkSXSDsrc1nN/w=
			</data>
			<key>requirement</key>
			<string>cdhash H"43e02a655a1499784c1109125d20ecadcd6737fc" or cdhash H"ff4164c921a524a638ac4768658030c6c4d08990"</string>
		</dict>
		<key>Frameworks/libmono-native.dylib</key>
		<dict>
			<key>cdhash</key>
			<data>
			Llxu7ox37rl8dS1gkxxU8uT5+5c=
			</data>
			<key>requirement</key>
			<string>cdhash H"2e5c6eee8c77eeb97c752d60931c54f2e4f9fb97" or cdhash H"2bbad7ee1d11a0b21a50ec947ea6fc43789d673e"</string>
		</dict>
		<key>Frameworks/libmonobdwgc-2.0.dylib</key>
		<dict>
			<key>cdhash</key>
			<data>
			u5iZMrTSwU+jnU20s0/fUZsHLuo=
			</data>
			<key>requirement</key>
			<string>cdhash H"bb989932b4d2c14fa39d4db4b34fdf519b072eea" or cdhash H"096d46c62d354eb3d43cebbf0a67fc8223dca559"</string>
		</dict>
		<key>MonoBleedingEdge/etc/mono/2.0/Browsers/Compat.browser</key>
		<dict>
			<key>hash2</key>
			<data>
			ihCCBXrFaB3NTpwiftf7jrQqwWGJY7XeO2Vzndd+J0E=
			</data>
		</dict>
		<key>MonoBleedingEdge/etc/mono/2.0/DefaultWsdlHelpGenerator.aspx</key>
		<dict>
			<key>hash2</key>
			<data>
			dRhhBAtp6mOjgnUHt8janH9UncGBwcivS3ynjMl9cQo=
			</data>
		</dict>
		<key>MonoBleedingEdge/etc/mono/2.0/machine.config</key>
		<dict>
			<key>hash2</key>
			<data>
			6ReCon+jn8bB1u6LCFKfXTUFIxDQAGA0uHjrBLjyrzA=
			</data>
		</dict>
		<key>MonoBleedingEdge/etc/mono/2.0/settings.map</key>
		<dict>
			<key>hash2</key>
			<data>
			ScYWD51Ur0Jwo7Tpl/xKgwH3m54gcBGPpG3by7xE+aI=
			</data>
		</dict>
		<key>MonoBleedingEdge/etc/mono/2.0/web.config</key>
		<dict>
			<key>hash2</key>
			<data>
			zytUM54Gm55C99Z5Xuy/VixQwQEfTKj2X1eP5S2X/5I=
			</data>
		</dict>
		<key>MonoBleedingEdge/etc/mono/4.0/Browsers/Compat.browser</key>
		<dict>
			<key>hash2</key>
			<data>
			ihCCBXrFaB3NTpwiftf7jrQqwWGJY7XeO2Vzndd+J0E=
			</data>
		</dict>
		<key>MonoBleedingEdge/etc/mono/4.0/DefaultWsdlHelpGenerator.aspx</key>
		<dict>
			<key>hash2</key>
			<data>
			dRhhBAtp6mOjgnUHt8janH9UncGBwcivS3ynjMl9cQo=
			</data>
		</dict>
		<key>MonoBleedingEdge/etc/mono/4.0/machine.config</key>
		<dict>
			<key>hash2</key>
			<data>
			5grsLFEV1ls6yzxV6iFXbb13D1eRZsAXElVx5GrlYO0=
			</data>
		</dict>
		<key>MonoBleedingEdge/etc/mono/4.0/settings.map</key>
		<dict>
			<key>hash2</key>
			<data>
			zh2xrYqVEgcxZOPszcGT9+2gNuGpczyuxGNd4hsoZcg=
			</data>
		</dict>
		<key>MonoBleedingEdge/etc/mono/4.0/web.config</key>
		<dict>
			<key>hash2</key>
			<data>
			44u4zGj+W07ezf0ojQlLnoztdikDmyo0doKroNi9dJI=
			</data>
		</dict>
		<key>MonoBleedingEdge/etc/mono/4.5/Browsers/Compat.browser</key>
		<dict>
			<key>hash2</key>
			<data>
			ihCCBXrFaB3NTpwiftf7jrQqwWGJY7XeO2Vzndd+J0E=
			</data>
		</dict>
		<key>MonoBleedingEdge/etc/mono/4.5/DefaultWsdlHelpGenerator.aspx</key>
		<dict>
			<key>hash2</key>
			<data>
			dRhhBAtp6mOjgnUHt8janH9UncGBwcivS3ynjMl9cQo=
			</data>
		</dict>
		<key>MonoBleedingEdge/etc/mono/4.5/machine.config</key>
		<dict>
			<key>hash2</key>
			<data>
			7pUABLV2+yjchfSwQ17QS/lmEt4ui1O+hNB6/oWg3mw=
			</data>
		</dict>
		<key>MonoBleedingEdge/etc/mono/4.5/settings.map</key>
		<dict>
			<key>hash2</key>
			<data>
			zh2xrYqVEgcxZOPszcGT9+2gNuGpczyuxGNd4hsoZcg=
			</data>
		</dict>
		<key>MonoBleedingEdge/etc/mono/4.5/web.config</key>
		<dict>
			<key>hash2</key>
			<data>
			xMvd1P2TR7WMxacrNtxLoa0rtpnmWGnQXNP7mGXw2CQ=
			</data>
		</dict>
		<key>MonoBleedingEdge/etc/mono/browscap.ini</key>
		<dict>
			<key>hash2</key>
			<data>
			Td1Q8x+5aPML7e/CU6Rtw/KJAZLQXNqp4KZKBW7ugH4=
			</data>
		</dict>
		<key>MonoBleedingEdge/etc/mono/config</key>
		<dict>
			<key>hash2</key>
			<data>
			EHsNiIthabsOUSBeln2I+oKJnMb2a95U75twFp3EOx0=
			</data>
		</dict>
		<key>MonoBleedingEdge/etc/mono/mconfig/config.xml</key>
		<dict>
			<key>hash2</key>
			<data>
			DFbjTGkSRRD6jBnntMLKbBxP9GCuGfeY3QygNYCeOW0=
			</data>
		</dict>
		<key>PlugIns/lib_burst_generated.bundle</key>
		<dict>
			<key>cdhash</key>
			<data>
			yFPUMxRw9KsxH31iY3zsYJYy1HI=
			</data>
			<key>requirement</key>
			<string>cdhash H"c853d4331470f4ab311f7d62637cec609632d472" or cdhash H"de99803276a7831de27033f46dc7c0866c08cbf4"</string>
		</dict>
		<key>Resources/Data/Managed/Assembly-CSharp.dll</key>
		<dict>
			<key>hash2</key>
			<data>
			9qOA0O/JvZRuAi64uQbQJJ9z1aAj7qPi0Tu3Na/BxaA=
			</data>
		</dict>
		<key>Resources/Data/Managed/Mono.Security.dll</key>
		<dict>
			<key>hash2</key>
			<data>
			PHbeWaUdrawTxxWG08Tw/y3j//mHquEuLrPq1w21C1Q=
			</data>
		</dict>
		<key>Resources/Data/Managed/Newtonsoft.Json.dll</key>
		<dict>
			<key>hash2</key>
			<data>
			dZrMql+3vdtUos6rkqPYq1B1AzPsc7YmBa6mFl0cpt0=
			</data>
		</dict>
		<key>Resources/Data/Managed/System.ComponentModel.Composition.dll</key>
		<dict>
			<key>hash2</key>
			<data>
			DWG0CFDcRUjmt+AsfF17mI0L7qI7PD+snuqssCmUyWg=
			</data>
		</dict>
		<key>Resources/Data/Managed/System.Configuration.dll</key>
		<dict>
			<key>hash2</key>
			<data>
			L97iNC48FagLMyGkvPIqryVYFMWBa/nM0ttArPZJ2AM=
			</data>
		</dict>
		<key>Resources/Data/Managed/System.Core.dll</key>
		<dict>
			<key>hash2</key>
			<data>
			H1yViGG3ZJMGEgyYBEmWNgNsgnsq/kZlQG6eWgpHPoE=
			</data>
		</dict>
		<key>Resources/Data/Managed/System.Data.DataSetExtensions.dll</key>
		<dict>
			<key>hash2</key>
			<data>
			Lnd1/BIIEVh6ZhTZwB3eONOpDV8h7+VaoN1iGC9C6Ks=
			</data>
		</dict>
		<key>Resources/Data/Managed/System.Data.dll</key>
		<dict>
			<key>hash2</key>
			<data>
			nPWyCZg6KYyW1GJSjxe/cmCVOZ261TkUo/OWh6Lr7bM=
			</data>
		</dict>
		<key>Resources/Data/Managed/System.Drawing.dll</key>
		<dict>
			<key>hash2</key>
			<data>
			8ilsKPZESeXqmCbnTEfhS9D9uLsbT5mK3nFpGjTUlMo=
			</data>
		</dict>
		<key>Resources/Data/Managed/System.EnterpriseServices.dll</key>
		<dict>
			<key>hash2</key>
			<data>
			mdB4Yb/bJJ7S0kuKa70dF85zOeLPx8yWHX30B75QiIQ=
			</data>
		</dict>
		<key>Resources/Data/Managed/System.IO.Compression.FileSystem.dll</key>
		<dict>
			<key>hash2</key>
			<data>
			RQGs0gxqKvigGL4jdwmvOHv5dN6i1NbWgu7AFc94ZDw=
			</data>
		</dict>
		<key>Resources/Data/Managed/System.IO.Compression.dll</key>
		<dict>
			<key>hash2</key>
			<data>
			FsQyxMIlrRiJD8xoTBEldlgzIr84DJb1x9LXG9aQ9Fw=
			</data>
		</dict>
		<key>Resources/Data/Managed/System.Net.Http.dll</key>
		<dict>
			<key>hash2</key>
			<data>
			HCt8/reUWaeSOYq8VFv6JdgdJrefLdqnj8Qqyfkie/M=
			</data>
		</dict>
		<key>Resources/Data/Managed/System.Numerics.dll</key>
		<dict>
			<key>hash2</key>
			<data>
			SNzZnSqgG02djQFMHE0GjSwD9Dm2w/JJoRj0Udkn+BQ=
			</data>
		</dict>
		<key>Resources/Data/Managed/System.Runtime.Serialization.dll</key>
		<dict>
			<key>hash2</key>
			<data>
			1lt1Nz/fh0EbXwIOIIvL0/YLMvUEjDocZd4H8ysgTA0=
			</data>
		</dict>
		<key>Resources/Data/Managed/System.Runtime.dll</key>
		<dict>
			<key>hash2</key>
			<data>
			+8hgfYxDEkYPUjTBlQp00Jj/jKtavMGgk+VbK77XXTA=
			</data>
		</dict>
		<key>Resources/Data/Managed/System.Security.dll</key>
		<dict>
			<key>hash2</key>
			<data>
			LfsutrF3otzqU0FqFw3qau4rgWkWwpnUhnWj7EwN3f8=
			</data>
		</dict>
		<key>Resources/Data/Managed/System.ServiceModel.Internals.dll</key>
		<dict>
			<key>hash2</key>
			<data>
			g86oADpPgfLRb7w3YDF3RP2g10OiXt0s5+8sI/8LpvQ=
			</data>
		</dict>
		<key>Resources/Data/Managed/System.Transactions.dll</key>
		<dict>
			<key>hash2</key>
			<data>
			faWMLeoEGbUkYl/W0eB/Hg5oIYeDU06jBqqWqXKf2UQ=
			</data>
		</dict>
		<key>Resources/Data/Managed/System.Xml.Linq.dll</key>
		<dict>
			<key>hash2</key>
			<data>
			aAIyUktCG5qFKoEappTefM3XU24a3Idk1suNcTLMfZg=
			</data>
		</dict>
		<key>Resources/Data/Managed/System.Xml.dll</key>
		<dict>
			<key>hash2</key>
			<data>
			Ds5LIiwEB7P6TRHVY0UpPUIVYKEqp9SgB5uW5HeeiEE=
			</data>
		</dict>
		<key>Resources/Data/Managed/System.dll</key>
		<dict>
			<key>hash2</key>
			<data>
			S5SOk2MAkiMWBTxd9CZX2IK4C52+dqOD41Lh/lKPs6E=
			</data>
		</dict>
		<key>Resources/Data/Managed/Unity.2D.Animation.Runtime.dll</key>
		<dict>
			<key>hash2</key>
			<data>
			bLesFGVEt0qcWFfWs0fvUOOSSt3vrquo37+yBXZZ+ao=
			</data>
		</dict>
		<key>Resources/Data/Managed/Unity.2D.Common.Runtime.dll</key>
		<dict>
			<key>hash2</key>
			<data>
			qp2fOhBc7S/6jhAuWDmJUe8mv6H605YayFS/tgojVMU=
			</data>
		</dict>
		<key>Resources/Data/Managed/Unity.2D.IK.Runtime.dll</key>
		<dict>
			<key>hash2</key>
			<data>
			M6zxYvJrqUam6YH6ZLEWvdyhFPNfRpv9NVxnv/fdIkI=
			</data>
		</dict>
		<key>Resources/Data/Managed/Unity.2D.PixelPerfect.dll</key>
		<dict>
			<key>hash2</key>
			<data>
			82EcBsFuQXYhkjHQikmIS/RbU4yBYR6iuG6jpYY5Ce8=
			</data>
		</dict>
		<key>Resources/Data/Managed/Unity.2D.SpriteShape.Runtime.dll</key>
		<dict>
			<key>hash2</key>
			<data>
			54hEuYD1qTSzbQS35WMRf3FU7DFi5EnNfytCZpVznWE=
			</data>
		</dict>
		<key>Resources/Data/Managed/Unity.2D.Tilemap.Extras.dll</key>
		<dict>
			<key>hash2</key>
			<data>
			jsjdwDrUXltpiAXQqnbrSZuoQew+B70F+LRpST5X1iI=
			</data>
		</dict>
		<key>Resources/Data/Managed/Unity.Burst.Cecil.Mdb.dll</key>
		<dict>
			<key>hash2</key>
			<data>
			6NNI/xA0qMLc/j0dPg9CRUzPpO91MTG+f04eoeSpdQM=
			</data>
		</dict>
		<key>Resources/Data/Managed/Unity.Burst.Cecil.Pdb.dll</key>
		<dict>
			<key>hash2</key>
			<data>
			nwKmHAENDl697lAYdDk81h9/8tpI3uvK9+rDenU1zAM=
			</data>
		</dict>
		<key>Resources/Data/Managed/Unity.Burst.Cecil.Rocks.dll</key>
		<dict>
			<key>hash2</key>
			<data>
			mzi7oRc+3P00Ita4Ax9SSWh5M0AeMJXnbXmBJWp13vU=
			</data>
		</dict>
		<key>Resources/Data/Managed/Unity.Burst.Cecil.dll</key>
		<dict>
			<key>hash2</key>
			<data>
			6Idwn5hPCTntE8wszIyM8ITAWNWkLEZYAtexnXCyB0U=
			</data>
		</dict>
		<key>Resources/Data/Managed/Unity.Burst.Unsafe.dll</key>
		<dict>
			<key>hash2</key>
			<data>
			nZwf9SQR3svuXZ8NHNYevqoiIHeqd6UhAeo966+umOI=
			</data>
		</dict>
		<key>Resources/Data/Managed/Unity.Burst.dll</key>
		<dict>
			<key>hash2</key>
			<data>
			W+20la6/tsZpa0rM54GqUn5bcihlpkmu43kXogM/dNA=
			</data>
		</dict>
		<key>Resources/Data/Managed/Unity.InternalAPIEngineBridge.001.dll</key>
		<dict>
			<key>hash2</key>
			<data>
			FtqkJGe3Y8jJaFZxM6KNqTIQt/f3bBbQ3kPdxL0IY0s=
			</data>
		</dict>
		<key>Resources/Data/Managed/Unity.Mathematics.dll</key>
		<dict>
			<key>hash2</key>
			<data>
			MS2dHpiy/E3+zK5cXGO1YNHJo03inWSXxknJnF3eHMU=
			</data>
		</dict>
		<key>Resources/Data/Managed/Unity.TextMeshPro.dll</key>
		<dict>
			<key>hash2</key>
			<data>
			ZW73XZNQr40oTOBMtta7H+D3TkKP8uc0JF8mlhChfco=
			</data>
		</dict>
		<key>Resources/Data/Managed/Unity.Timeline.dll</key>
		<dict>
			<key>hash2</key>
			<data>
			JsUEuFgC7/QhsR9YFHdwxktShRaSh7BslQMZ2/PBlck=
			</data>
		</dict>
		<key>Resources/Data/Managed/Unity.VisualScripting.Antlr3.Runtime.dll</key>
		<dict>
			<key>hash2</key>
			<data>
			7XziBfZur+Obu10ITULn/hHLSzhv8gjl1REIkb4Lezc=
			</data>
		</dict>
		<key>Resources/Data/Managed/Unity.VisualScripting.Core.dll</key>
		<dict>
			<key>hash2</key>
			<data>
			YA2BRL1uhJtKRX4rNzhlo2AYXqEOxkTqjHVdpKtJWpA=
			</data>
		</dict>
		<key>Resources/Data/Managed/Unity.VisualScripting.Flow.dll</key>
		<dict>
			<key>hash2</key>
			<data>
			VNnIDMVXvX39xJB0I1yAx/GKGAuDmb6fo9Tg9CSWx6s=
			</data>
		</dict>
		<key>Resources/Data/Managed/Unity.VisualScripting.State.dll</key>
		<dict>
			<key>hash2</key>
			<data>
			j1KqWD2U/kIeNUF63egCiua81CaglGbaVL8JP+69zzw=
			</data>
		</dict>
		<key>Resources/Data/Managed/UnityEngine.AIModule.dll</key>
		<dict>
			<key>hash2</key>
			<data>
			/YsjfXXeauxA1bWQOzBKNjy3IjBmx0qWMHJMyBmoYs8=
			</data>
		</dict>
		<key>Resources/Data/Managed/UnityEngine.ARModule.dll</key>
		<dict>
			<key>hash2</key>
			<data>
			ihD4S0DihRwFeZ8OosKEiS4ZR/xbTHJvB/5MlVk0AVY=
			</data>
		</dict>
		<key>Resources/Data/Managed/UnityEngine.AccessibilityModule.dll</key>
		<dict>
			<key>hash2</key>
			<data>
			m86zsfCr8GBDmzFDuqTaC7Z0vRKD7jxdza/L0thqCsY=
			</data>
		</dict>
		<key>Resources/Data/Managed/UnityEngine.AndroidJNIModule.dll</key>
		<dict>
			<key>hash2</key>
			<data>
			XemEj3OkMvgU7+YLAsNxuP0jHC9pD/mCUB4caOYJYTw=
			</data>
		</dict>
		<key>Resources/Data/Managed/UnityEngine.AnimationModule.dll</key>
		<dict>
			<key>hash2</key>
			<data>
			H70VtI5+j/puj+FMW+wsKwy5QrQJzWY5ZW60o9PrnGo=
			</data>
		</dict>
		<key>Resources/Data/Managed/UnityEngine.AssetBundleModule.dll</key>
		<dict>
			<key>hash2</key>
			<data>
			3HSQhvTPJ3OUB8lUTdvng5ge0TIQZAX/6A4k6YWwCGQ=
			</data>
		</dict>
		<key>Resources/Data/Managed/UnityEngine.AudioModule.dll</key>
		<dict>
			<key>hash2</key>
			<data>
			uiC3omX0zqpRBTvREL1vrv/U5TbxN/AjYEcmJuUaB5c=
			</data>
		</dict>
		<key>Resources/Data/Managed/UnityEngine.ClothModule.dll</key>
		<dict>
			<key>hash2</key>
			<data>
			4fbqDbopOKjUiCLmnRb/wH17RXImUIR5PAIlMGAPaW4=
			</data>
		</dict>
		<key>Resources/Data/Managed/UnityEngine.ClusterInputModule.dll</key>
		<dict>
			<key>hash2</key>
			<data>
			hHG48KGw7Dnrg7joDfZZMOTmOT78dWRuVCljq+RhSIw=
			</data>
		</dict>
		<key>Resources/Data/Managed/UnityEngine.ClusterRendererModule.dll</key>
		<dict>
			<key>hash2</key>
			<data>
			Qor439/yyifNRZi1CusUmBb7iOhYMd2NH1RsGCyf3uY=
			</data>
		</dict>
		<key>Resources/Data/Managed/UnityEngine.CoreModule.dll</key>
		<dict>
			<key>hash2</key>
			<data>
			9/BTf+fV4vCjCgIqYUZqwlB4KVm0saecIgSleeyxfE8=
			</data>
		</dict>
		<key>Resources/Data/Managed/UnityEngine.CrashReportingModule.dll</key>
		<dict>
			<key>hash2</key>
			<data>
			qfilTFaDB+sCeHX6GTaxq/jtXC9gWQaXZquFnsyNt8s=
			</data>
		</dict>
		<key>Resources/Data/Managed/UnityEngine.DSPGraphModule.dll</key>
		<dict>
			<key>hash2</key>
			<data>
			UiR0RkCjR1LOfSDdOJhcmNG3Z2VwB3/loTpxXibmrzs=
			</data>
		</dict>
		<key>Resources/Data/Managed/UnityEngine.DirectorModule.dll</key>
		<dict>
			<key>hash2</key>
			<data>
			2oTponEii7ErbnGI4eU/gIZcAZ9ubcu2b1nFVtCcKYY=
			</data>
		</dict>
		<key>Resources/Data/Managed/UnityEngine.GIModule.dll</key>
		<dict>
			<key>hash2</key>
			<data>
			CCkKNHDEukN7aeR9/NBUv9yoFziLo9A2eh34UaBrgZk=
			</data>
		</dict>
		<key>Resources/Data/Managed/UnityEngine.GameCenterModule.dll</key>
		<dict>
			<key>hash2</key>
			<data>
			YMoI+Bw8I6VrwjpCR112B4bRxISPK0qk7y1CEexFLW4=
			</data>
		</dict>
		<key>Resources/Data/Managed/UnityEngine.GridModule.dll</key>
		<dict>
			<key>hash2</key>
			<data>
			HPgLDITcDhG/LphDVfDB54a8DxeFek2GyOK2e7MsQ4U=
			</data>
		</dict>
		<key>Resources/Data/Managed/UnityEngine.HotReloadModule.dll</key>
		<dict>
			<key>hash2</key>
			<data>
			8Nj32FFWnlQ5FXJ9xu+KYot46UcBBcoKK2uVMw2NSJE=
			</data>
		</dict>
		<key>Resources/Data/Managed/UnityEngine.IMGUIModule.dll</key>
		<dict>
			<key>hash2</key>
			<data>
			n+TuIj0gpiPVSh/JoKbgIwU+89LrMkw+JQ00ZvTdU+Q=
			</data>
		</dict>
		<key>Resources/Data/Managed/UnityEngine.ImageConversionModule.dll</key>
		<dict>
			<key>hash2</key>
			<data>
			TWH5CWGX8J/J7SOSMeJMZfwKviTRsW9C6eF5I4XJUcc=
			</data>
		</dict>
		<key>Resources/Data/Managed/UnityEngine.InputLegacyModule.dll</key>
		<dict>
			<key>hash2</key>
			<data>
			wY/oa0xP39GBihjZtxB/+nG+YpgdDTUZpHn0+VR/yoo=
			</data>
		</dict>
		<key>Resources/Data/Managed/UnityEngine.InputModule.dll</key>
		<dict>
			<key>hash2</key>
			<data>
			gplBYnno6YuDcqwM/cB+39e7zSytZODvRUfszGWLyY4=
			</data>
		</dict>
		<key>Resources/Data/Managed/UnityEngine.JSONSerializeModule.dll</key>
		<dict>
			<key>hash2</key>
			<data>
			UonYAP9GKqQX1C3xdJ3fu2gny0psNl+uIF1Me+keXj8=
			</data>
		</dict>
		<key>Resources/Data/Managed/UnityEngine.LocalizationModule.dll</key>
		<dict>
			<key>hash2</key>
			<data>
			9DA7YHswhzjG6+XRtruaRiPhpbbbOPeTdj64QrmWtsE=
			</data>
		</dict>
		<key>Resources/Data/Managed/UnityEngine.ParticleSystemModule.dll</key>
		<dict>
			<key>hash2</key>
			<data>
			CtYB7R34Mf8oYxwr/N8jjx4wKRNgHKOOEiGO/0va4bI=
			</data>
		</dict>
		<key>Resources/Data/Managed/UnityEngine.PerformanceReportingModule.dll</key>
		<dict>
			<key>hash2</key>
			<data>
			GwNidjgy6effQUktqcopVKZr+fY51/Q9vzNabw/AfyU=
			</data>
		</dict>
		<key>Resources/Data/Managed/UnityEngine.Physics2DModule.dll</key>
		<dict>
			<key>hash2</key>
			<data>
			stCGsdJ1gcYTbNd9rPi+iN916dV0w2J+qgoSajvz+qo=
			</data>
		</dict>
		<key>Resources/Data/Managed/UnityEngine.PhysicsModule.dll</key>
		<dict>
			<key>hash2</key>
			<data>
			lCMXJzk0SAzDH+B9Mg56Zw0G8lhHYtF5FIKVm7N5ZOw=
			</data>
		</dict>
		<key>Resources/Data/Managed/UnityEngine.ProfilerModule.dll</key>
		<dict>
			<key>hash2</key>
			<data>
			xNXoyU2tSy4AJMmtiO9UkBmIGdV2TEAO9J1HdsnHHp8=
			</data>
		</dict>
		<key>Resources/Data/Managed/UnityEngine.RuntimeInitializeOnLoadManagerInitializerModule.dll</key>
		<dict>
			<key>hash2</key>
			<data>
			rJMi5jHuwMbxSW6Up5eReSiDj6uX6hXupRlYY1ctP1M=
			</data>
		</dict>
		<key>Resources/Data/Managed/UnityEngine.ScreenCaptureModule.dll</key>
		<dict>
			<key>hash2</key>
			<data>
			GdywbHga6WB++P5vJTX2xj1iSCahHXZPHKXLK8QaCoA=
			</data>
		</dict>
		<key>Resources/Data/Managed/UnityEngine.SharedInternalsModule.dll</key>
		<dict>
			<key>hash2</key>
			<data>
			L+S3noxNlMfUY4Z7TynM78e1QZx6j5lgJfemp28bhS4=
			</data>
		</dict>
		<key>Resources/Data/Managed/UnityEngine.SpriteMaskModule.dll</key>
		<dict>
			<key>hash2</key>
			<data>
			7N2HQXEmHvX0YS0y4+Inf570OPaFFmD3073PSS3sjVs=
			</data>
		</dict>
		<key>Resources/Data/Managed/UnityEngine.SpriteShapeModule.dll</key>
		<dict>
			<key>hash2</key>
			<data>
			hVW+Vm0Xsw1joesUBufnID2GBzVY0Slgnftm8WKPvsA=
			</data>
		</dict>
		<key>Resources/Data/Managed/UnityEngine.StreamingModule.dll</key>
		<dict>
			<key>hash2</key>
			<data>
			QtZG1F18bXJi6d8YMirisHd2Bh8RR5+7oY6/Jij3OtA=
			</data>
		</dict>
		<key>Resources/Data/Managed/UnityEngine.SubstanceModule.dll</key>
		<dict>
			<key>hash2</key>
			<data>
			cz5OynzU3qXo9wp5HxYwQYipK19NbXSVKuutfDmlmIo=
			</data>
		</dict>
		<key>Resources/Data/Managed/UnityEngine.SubsystemsModule.dll</key>
		<dict>
			<key>hash2</key>
			<data>
			uAyWC9gyvWO+E1ZmbNaS+16/zRy6INa5i39Wl4mhi6E=
			</data>
		</dict>
		<key>Resources/Data/Managed/UnityEngine.TLSModule.dll</key>
		<dict>
			<key>hash2</key>
			<data>
			e28TIU5n599EpROYMflvWVDcPNaqjXVg0LPllzXOw1U=
			</data>
		</dict>
		<key>Resources/Data/Managed/UnityEngine.TerrainModule.dll</key>
		<dict>
			<key>hash2</key>
			<data>
			00D2ts9Fwa1Co6sRTxeMwTdUCXVLga4Y1TY52gnioqk=
			</data>
		</dict>
		<key>Resources/Data/Managed/UnityEngine.TerrainPhysicsModule.dll</key>
		<dict>
			<key>hash2</key>
			<data>
			uiWPp3kKJXS40iIFJ/8QAfxLA2dqx3HgzL9EGdN5oGs=
			</data>
		</dict>
		<key>Resources/Data/Managed/UnityEngine.TextCoreFontEngineModule.dll</key>
		<dict>
			<key>hash2</key>
			<data>
			/HoXIzaecAe/wRFvbkL98TUtytGNO5lmfzkgTPq1WkE=
			</data>
		</dict>
		<key>Resources/Data/Managed/UnityEngine.TextCoreTextEngineModule.dll</key>
		<dict>
			<key>hash2</key>
			<data>
			kM3ThhUhnHmkql2Gaz/oHDHYkqvSK3THbNsIk20VqIo=
			</data>
		</dict>
		<key>Resources/Data/Managed/UnityEngine.TextRenderingModule.dll</key>
		<dict>
			<key>hash2</key>
			<data>
			GVX6InM4lnSi84n2o8L+1PusTMgLJD06jyeNjhIhHNg=
			</data>
		</dict>
		<key>Resources/Data/Managed/UnityEngine.TilemapModule.dll</key>
		<dict>
			<key>hash2</key>
			<data>
			aPBfe7ihC6XQnf9BOQjZwS8XMI6A31hHy2tU0QFG67s=
			</data>
		</dict>
		<key>Resources/Data/Managed/UnityEngine.UI.dll</key>
		<dict>
			<key>hash2</key>
			<data>
			gHPepevMKoeJTlpSAWUC2Zi4zV6L4WV4XdfsfGR9Csk=
			</data>
		</dict>
		<key>Resources/Data/Managed/UnityEngine.UIElementsModule.dll</key>
		<dict>
			<key>hash2</key>
			<data>
			O/VeaEnQtNUgi9dVlEHbZiZFruHExAVvfrXt0THJOmY=
			</data>
		</dict>
		<key>Resources/Data/Managed/UnityEngine.UIElementsNativeModule.dll</key>
		<dict>
			<key>hash2</key>
			<data>
			HgxnZFilG+2ak6fi0bBaNUs/Hr1LzaOYWr4xpyOBiUQ=
			</data>
		</dict>
		<key>Resources/Data/Managed/UnityEngine.UIModule.dll</key>
		<dict>
			<key>hash2</key>
			<data>
			+iPvY31oI5YibiHA/NtO7tVlHazWkYYTeonEgTjUsFo=
			</data>
		</dict>
		<key>Resources/Data/Managed/UnityEngine.UNETModule.dll</key>
		<dict>
			<key>hash2</key>
			<data>
			4og1Ukih5yyF2sWJgayRuDmo1pp1lqi1CZiGOQltkBc=
			</data>
		</dict>
		<key>Resources/Data/Managed/UnityEngine.UmbraModule.dll</key>
		<dict>
			<key>hash2</key>
			<data>
			DdSSwYqLHi4poYfMiqiWWljt6JG8Y/bawLxwBhBuvoo=
			</data>
		</dict>
		<key>Resources/Data/Managed/UnityEngine.UnityAnalyticsModule.dll</key>
		<dict>
			<key>hash2</key>
			<data>
			YTk13WvQipxPOK2eLcMr6FC8t/uD9FiKPIhz3wyQx3E=
			</data>
		</dict>
		<key>Resources/Data/Managed/UnityEngine.UnityConnectModule.dll</key>
		<dict>
			<key>hash2</key>
			<data>
			ww32Zxcj+ZPPUynvgi6JmyVt7i4+Ta70v4TEvht7XPo=
			</data>
		</dict>
		<key>Resources/Data/Managed/UnityEngine.UnityCurlModule.dll</key>
		<dict>
			<key>hash2</key>
			<data>
			0rK73JUlLkXV1VLZ8Vu8uu+bax5zO1JGCyiysChCNiE=
			</data>
		</dict>
		<key>Resources/Data/Managed/UnityEngine.UnityTestProtocolModule.dll</key>
		<dict>
			<key>hash2</key>
			<data>
			eKfes082Hywaq2ZlIjAWiM0JQuYZv0zkQqYiey4TIBA=
			</data>
		</dict>
		<key>Resources/Data/Managed/UnityEngine.UnityWebRequestAssetBundleModule.dll</key>
		<dict>
			<key>hash2</key>
			<data>
			CX75SK8JRvi4uPjDxU/89WPASPlEmsLIGjsbezT3/zc=
			</data>
		</dict>
		<key>Resources/Data/Managed/UnityEngine.UnityWebRequestAudioModule.dll</key>
		<dict>
			<key>hash2</key>
			<data>
			L0Clyc1wI1UeP9qvfs6xo4TkyExWwE7TuHQ3hXA1ssI=
			</data>
		</dict>
		<key>Resources/Data/Managed/UnityEngine.UnityWebRequestModule.dll</key>
		<dict>
			<key>hash2</key>
			<data>
			g06LJX/8Y5PNzSB2ELzzon7Ljfuu2U77aA4gJQRVS0Y=
			</data>
		</dict>
		<key>Resources/Data/Managed/UnityEngine.UnityWebRequestTextureModule.dll</key>
		<dict>
			<key>hash2</key>
			<data>
			2yMjm25t0CoaLt/9S9PjgztA/xV6jkMdp0VokyO1X+U=
			</data>
		</dict>
		<key>Resources/Data/Managed/UnityEngine.UnityWebRequestWWWModule.dll</key>
		<dict>
			<key>hash2</key>
			<data>
			BtU72eRaAAcbxE2If7jPibTdYbaTEMhKZNNvhNfZ+v0=
			</data>
		</dict>
		<key>Resources/Data/Managed/UnityEngine.VFXModule.dll</key>
		<dict>
			<key>hash2</key>
			<data>
			WTqSl3uIwHqxcDx1sP5Poh/ufvppb/JvhcVSNCSEXQE=
			</data>
		</dict>
		<key>Resources/Data/Managed/UnityEngine.VRModule.dll</key>
		<dict>
			<key>hash2</key>
			<data>
			1y6fLoXeCkoQkdeR0rAKrdayXXLAnRJ0mYFY03XJvkk=
			</data>
		</dict>
		<key>Resources/Data/Managed/UnityEngine.VehiclesModule.dll</key>
		<dict>
			<key>hash2</key>
			<data>
			zV9dwDrhNUACz3hlVVjRygt6a1rVJtBOKyCHNqcv2KU=
			</data>
		</dict>
		<key>Resources/Data/Managed/UnityEngine.VideoModule.dll</key>
		<dict>
			<key>hash2</key>
			<data>
			7dwUYWYGBIwCFxBfpAQKDQo2GrSyS6Z/9Vf3d4aj/BI=
			</data>
		</dict>
		<key>Resources/Data/Managed/UnityEngine.VirtualTexturingModule.dll</key>
		<dict>
			<key>hash2</key>
			<data>
			0rHVLAxsCTfiPVozXYBrh31rAPFc9mZhBvfKA5s+Duc=
			</data>
		</dict>
		<key>Resources/Data/Managed/UnityEngine.WindModule.dll</key>
		<dict>
			<key>hash2</key>
			<data>
			4UdX1avv3EE8oxbwGu1eqHky6GgVgoapPr0CbS4FKQ4=
			</data>
		</dict>
		<key>Resources/Data/Managed/UnityEngine.XRModule.dll</key>
		<dict>
			<key>hash2</key>
			<data>
			LVJPVDs3lfx4hMC5BWhnhNJ1ZgYy9lIdDmDVrD7lEps=
			</data>
		</dict>
		<key>Resources/Data/Managed/UnityEngine.dll</key>
		<dict>
			<key>hash2</key>
			<data>
			5gpYA8ZLfpd1jKP8iZpgJes0Bwn8a9vqyKQLG7oxKe4=
			</data>
		</dict>
		<key>Resources/Data/Managed/mscorlib.dll</key>
		<dict>
			<key>hash2</key>
			<data>
			zlcODmHgacjdXmt+aabmCrxTz0VIie1UoMIAK1RzQOQ=
			</data>
		</dict>
		<key>Resources/Data/Managed/netstandard.dll</key>
		<dict>
			<key>hash2</key>
			<data>
			vwt+rJAQt1QT5OwaB6NFO8amjuuOkW++18Hyd3hB98c=
			</data>
		</dict>
		<key>Resources/Data/Resources/unity_builtin_extra</key>
		<dict>
			<key>hash2</key>
			<data>
			Bt0TqLD8NS9c5kdtPGxhOEz3ih++Z4D6L598kH8LTz8=
			</data>
		</dict>
		<key>Resources/Data/RuntimeInitializeOnLoads.json</key>
		<dict>
			<key>hash2</key>
			<data>
			XufJ2a6NUhsiRpIgPqQefKAdRz4LHKN3WaGEXVFikTY=
			</data>
		</dict>
		<key>Resources/Data/ScriptingAssemblies.json</key>
		<dict>
			<key>hash2</key>
			<data>
			7IFpklWsrPb3xvTVz9Lgt+nHe8wt8lQThBrd1wl29FE=
			</data>
		</dict>
		<key>Resources/Data/app.info</key>
		<dict>
			<key>hash2</key>
			<data>
			XqeftdrdfRwJR7z7KIWlY9iXSJ0jliMbXzjcOR+veE4=
			</data>
		</dict>
		<key>Resources/Data/boot.config</key>
		<dict>
			<key>hash2</key>
			<data>
			JSAsjwyqgTnSIMHbgprARF3lIEcFmwPJIMfRRd3+tLo=
			</data>
		</dict>
		<key>Resources/Data/globalgamemanagers</key>
		<dict>
			<key>hash2</key>
			<data>
			DLZ51M2zQmsDILm3MBTsYeOu3cyK+g0FDbbmi7RmnAc=
			</data>
		</dict>
		<key>Resources/Data/globalgamemanagers.assets</key>
		<dict>
			<key>hash2</key>
			<data>
			uRUpEwie+CxYN1DfWZiIyGvOB8zODabKHUAAXv7F5Eg=
			</data>
		</dict>
		<key>Resources/Data/level0</key>
		<dict>
			<key>hash2</key>
			<data>
			uPU1bZ2Q+A0SH21vCJPg1qV8n/V0KDGlmNwNDeVpWCU=
			</data>
		</dict>
		<key>Resources/Data/level1</key>
		<dict>
			<key>hash2</key>
			<data>
			hfAYxHEwqin05C+lPfGG35t+9nnTUD6aJTv3iDgIWas=
			</data>
		</dict>
		<key>Resources/Data/level10</key>
		<dict>
			<key>hash2</key>
			<data>
			6nu3AA4tuSN1ZA3y4pcFRP48+sti3r2eidLChSHfX/o=
			</data>
		</dict>
		<key>Resources/Data/level11</key>
		<dict>
			<key>hash2</key>
			<data>
			c9wbwevArTqUa9qSvdNtTJL+rwU8IsiiGxBV5vqVEsE=
			</data>
		</dict>
		<key>Resources/Data/level12</key>
		<dict>
			<key>hash2</key>
			<data>
			y2YId0PaYuyffsVXwkYaNQ76loBY9ABMsxzsnVUvqhs=
			</data>
		</dict>
		<key>Resources/Data/level13</key>
		<dict>
			<key>hash2</key>
			<data>
			zBQ0xyWYCS8jAHKWlQ6XgDL7d82anfEwc6KZLXotWDg=
			</data>
		</dict>
		<key>Resources/Data/level2</key>
		<dict>
			<key>hash2</key>
			<data>
			ndj5g4YvZkW46JhMDirOJMNBaxYZBwaZMTSk+oZ0xps=
			</data>
		</dict>
		<key>Resources/Data/level3</key>
		<dict>
			<key>hash2</key>
			<data>
			Ef5y5EpiIh8UEGqxWCgmSbjRr2YXdv0qUYAN5eXqQoE=
			</data>
		</dict>
		<key>Resources/Data/level4</key>
		<dict>
			<key>hash2</key>
			<data>
			W2cvafy66y/aFxPQkul1fJdan3Gf9xCJ3mDBA+PKFtM=
			</data>
		</dict>
		<key>Resources/Data/level5</key>
		<dict>
			<key>hash2</key>
			<data>
			KsQ/pU+5EgSH/dwAtGWJYSfgCdOm0I5JoLjroxB1Kdc=
			</data>
		</dict>
		<key>Resources/Data/level6</key>
		<dict>
			<key>hash2</key>
			<data>
			0puDpAyhukgMGwN2TX4GJZQOqzgKtVre/yX8Op5E2zE=
			</data>
		</dict>
		<key>Resources/Data/level7</key>
		<dict>
			<key>hash2</key>
			<data>
			wr2hbGT8bQEoccBuM/uHu8OLP4lMaT5Btqivor5YEFY=
			</data>
		</dict>
		<key>Resources/Data/level8</key>
		<dict>
			<key>hash2</key>
			<data>
			ZSaC2Ae+IjjyFX0ScZmskY/Fs+fPnIv59wKecvy5xZI=
			</data>
		</dict>
		<key>Resources/Data/level9</key>
		<dict>
			<key>hash2</key>
			<data>
			6mrRPqrGMFFoP47t6432brwq78KuqhX7V8zEiKsnP8s=
			</data>
		</dict>
		<key>Resources/Data/resources.assets</key>
		<dict>
			<key>hash2</key>
			<data>
			v/k6JO6qsVA3PCvoFYME5qnFympugm/xRwkLUz6KemY=
			</data>
		</dict>
		<key>Resources/Data/resources.assets.resS</key>
		<dict>
			<key>hash2</key>
			<data>
			rD+7/uEejA/mzvOWgNfUWNc2ESxiq39ydWd+fOQK8F4=
			</data>
		</dict>
		<key>Resources/Data/sharedassets0.assets</key>
		<dict>
			<key>hash2</key>
			<data>
			hIhzkJVBKsTE7mml6txBdswCpjzJr3HDBjgEWaZ/56o=
			</data>
		</dict>
		<key>Resources/Data/sharedassets0.assets.resS</key>
		<dict>
			<key>hash2</key>
			<data>
			XodFHY2qxoL5vrpB4UAqyV3ZXMpaVW8vnAdeSW1+AoA=
			</data>
		</dict>
		<key>Resources/Data/sharedassets1.assets</key>
		<dict>
			<key>hash2</key>
			<data>
			N896XMF7O/IQYVX5QpsRUgY/VptKjSRg0P4qFUvoAZY=
			</data>
		</dict>
		<key>Resources/Data/sharedassets1.assets.resS</key>
		<dict>
			<key>hash2</key>
			<data>
			BN/FAndrCbJLNCOiCvtD1hIDRv/Q++NE/YZpglByNgY=
			</data>
		</dict>
		<key>Resources/Data/sharedassets1.resource</key>
		<dict>
			<key>hash2</key>
			<data>
			+r4RNLKmzElucPgvz99sP0N2OCuMH7IWrHNsWE1uHO0=
			</data>
		</dict>
		<key>Resources/Data/sharedassets10.assets</key>
		<dict>
			<key>hash2</key>
			<data>
			Kwv/8no7w3whtk2ESbAg/lSS/mf8fjAj8grkSqQk+VA=
			</data>
		</dict>
		<key>Resources/Data/sharedassets10.assets.resS</key>
		<dict>
			<key>hash2</key>
			<data>
			96TDbCTQTwi6ZZH9HzApNS1rIQhe93laIaUDo220jCU=
			</data>
		</dict>
		<key>Resources/Data/sharedassets11.assets</key>
		<dict>
			<key>hash2</key>
			<data>
			oxK+DapxVoEO3fj+kVlsorVVTAgDupRcJlyPF7R4fbA=
			</data>
		</dict>
		<key>Resources/Data/sharedassets11.assets.resS</key>
		<dict>
			<key>hash2</key>
			<data>
			+fvvCrbjTTlB8+5dWjYAEUk5reCKp2KJiOctUIfwO/U=
			</data>
		</dict>
		<key>Resources/Data/sharedassets11.resource</key>
		<dict>
			<key>hash2</key>
			<data>
			4YlVfHShEsGC6qbtnJdyK5HrwmvgiyQ4sWAJr6I9KOI=
			</data>
		</dict>
		<key>Resources/Data/sharedassets12.assets</key>
		<dict>
			<key>hash2</key>
			<data>
			G5qOy/PBRzOKi4q5Ol2fEyIjeB2lc4EbPKkWuWT96y4=
			</data>
		</dict>
		<key>Resources/Data/sharedassets12.assets.resS</key>
		<dict>
			<key>hash2</key>
			<data>
			7ykbpEdtiaw2Tqt386nG2iCgEs1BZJ2abEs+ITEnk/0=
			</data>
		</dict>
		<key>Resources/Data/sharedassets12.resource</key>
		<dict>
			<key>hash2</key>
			<data>
			EjVRvdiP1wKmCUe7Y5t+fYUaLbadq/7kRR5EM+CObbA=
			</data>
		</dict>
		<key>Resources/Data/sharedassets13.assets</key>
		<dict>
			<key>hash2</key>
			<data>
			y/7fXft+XypKaWZHy1UAkDb1dIRkPOYS8xZXhxSLd60=
			</data>
		</dict>
		<key>Resources/Data/sharedassets13.assets.resS</key>
		<dict>
			<key>hash2</key>
			<data>
			laBwxoy24BG1HttgkW1kN37fQPrMm6TBGn44MM9SPCI=
			</data>
		</dict>
		<key>Resources/Data/sharedassets13.resource</key>
		<dict>
			<key>hash2</key>
			<data>
			cSQU5/n0lZs9xdnlX29f3UeL3fgKgZscu3BZr50poNE=
			</data>
		</dict>
		<key>Resources/Data/sharedassets2.assets</key>
		<dict>
			<key>hash2</key>
			<data>
			yltOl5LAxvdfaqznfyKS8AyUYD09Bbtz2w9HZzR3EC8=
			</data>
		</dict>
		<key>Resources/Data/sharedassets2.assets.resS</key>
		<dict>
			<key>hash2</key>
			<data>
			RFzV6vdobvFeYDnaYARm0AzUsMHFoj9/6oaNcC9lsVY=
			</data>
		</dict>
		<key>Resources/Data/sharedassets3.assets</key>
		<dict>
			<key>hash2</key>
			<data>
			MDm2eqJSao3muTunRX1FlK1pldf+KOIDwqGMyerzTJ4=
			</data>
		</dict>
		<key>Resources/Data/sharedassets3.assets.resS</key>
		<dict>
			<key>hash2</key>
			<data>
			myycbdc1Z+azByva1Gm5CH8kJX/E8L6rbKcFPBvupWw=
			</data>
		</dict>
		<key>Resources/Data/sharedassets4.assets</key>
		<dict>
			<key>hash2</key>
			<data>
			/n/cieLi9i6ckYBkDZK79LYrOrKj7rWegqtg76wFGlQ=
			</data>
		</dict>
		<key>Resources/Data/sharedassets4.assets.resS</key>
		<dict>
			<key>hash2</key>
			<data>
			2WkSjcCfRh3HqPH1IQYENmwJr5mA0ds/YAHqmIEn0WQ=
			</data>
		</dict>
		<key>Resources/Data/sharedassets5.assets</key>
		<dict>
			<key>hash2</key>
			<data>
			aak8bImTyOwiApZr81rB+IcudYH9argOsCGLFban0II=
			</data>
		</dict>
		<key>Resources/Data/sharedassets6.assets</key>
		<dict>
			<key>hash2</key>
			<data>
			dywbr3NoGqDDL78Ir4mMO59mmnP7Zrlrf2BS9b9/vMY=
			</data>
		</dict>
		<key>Resources/Data/sharedassets6.assets.resS</key>
		<dict>
			<key>hash2</key>
			<data>
			4icym0NBHWhbER6lvMTm6xuJMNctUnxFAupX8Zr/5wI=
			</data>
		</dict>
		<key>Resources/Data/sharedassets7.assets</key>
		<dict>
			<key>hash2</key>
			<data>
			GaGWIqQ4IjZBQIiY+bJlOyVfesUR02COtvyHLGLZmLU=
			</data>
		</dict>
		<key>Resources/Data/sharedassets7.assets.resS</key>
		<dict>
			<key>hash2</key>
			<data>
			PN5NrXoLV+xF/4hzVyo7FWKnLqIb7ZJWLETq0/aIKvM=
			</data>
		</dict>
		<key>Resources/Data/sharedassets8.assets</key>
		<dict>
			<key>hash2</key>
			<data>
			nCtJayqXDDrLBdNrox182w87pbwRwcuyRa4zJoPXNy0=
			</data>
		</dict>
		<key>Resources/Data/sharedassets8.assets.resS</key>
		<dict>
			<key>hash2</key>
			<data>
			MGe7B8n502GoFuXLkSapBjGdbylOgg16vGb2H1LNYhU=
			</data>
		</dict>
		<key>Resources/Data/sharedassets9.assets</key>
		<dict>
			<key>hash2</key>
			<data>
			dwyV/l1/5U37ru5Rv1Tc1YPbIUVBImK8kV7vFlFM/ok=
			</data>
		</dict>
		<key>Resources/Data/sharedassets9.assets.resS</key>
		<dict>
			<key>hash2</key>
			<data>
			fevAqRYajKNSwL9l6QUP7OPmhM32NQ1xRIK2+V4bmsg=
			</data>
		</dict>
		<key>Resources/DefaultPreferences.plist</key>
		<dict>
			<key>hash2</key>
			<data>
			3tHJtvdHAvgSq7TYC8CFKP2EJuF4CKBM3gFbTTS0mPM=
			</data>
		</dict>
		<key>Resources/MainMenu.nib/designable.nib</key>
		<dict>
			<key>hash2</key>
			<data>
			VxiCIbqdyIm+TJ4D8MhnvOggcmSR4yovpJKGgfAG8wg=
			</data>
		</dict>
		<key>Resources/MainMenu.nib/keyedobjects.nib</key>
		<dict>
			<key>hash2</key>
			<data>
			H65bfG7psXp2exY2hnpBs+ROr49lSxxeLK+jJhRjEE0=
			</data>
		</dict>
		<key>Resources/unity default resources</key>
		<dict>
			<key>hash2</key>
			<data>
			JpDBGQVL/ngUsUsMfidmbNWVGrmTSWyJ8js/Hwxf4vk=
			</data>
		</dict>
	</dict>
	<key>rules</key>
	<dict>
		<key>^Resources/</key>
		<true/>
		<key>^Resources/.*\.lproj/</key>
		<dict>
			<key>optional</key>
			<true/>
			<key>weight</key>
			<real>1000</real>
		</dict>
		<key>^Resources/.*\.lproj/locversion.plist$</key>
		<dict>
			<key>omit</key>
			<true/>
			<key>weight</key>
			<real>1100</real>
		</dict>
		<key>^Resources/Base\.lproj/</key>
		<dict>
			<key>weight</key>
			<real>1010</real>
		</dict>
		<key>^version.plist$</key>
		<true/>
	</dict>
	<key>rules2</key>
	<dict>
		<key>.*\.dSYM($|/)</key>
		<dict>
			<key>weight</key>
			<real>11</real>
		</dict>
		<key>^(.*/)?\.DS_Store$</key>
		<dict>
			<key>omit</key>
			<true/>
			<key>weight</key>
			<real>2000</real>
		</dict>
		<key>^(Frameworks|SharedFrameworks|PlugIns|Plug-ins|XPCServices|Helpers|MacOS|Library/(Automator|Spotlight|LoginItems))/</key>
		<dict>
			<key>nested</key>
			<true/>
			<key>weight</key>
			<real>10</real>
		</dict>
		<key>^.*</key>
		<true/>
		<key>^Info\.plist$</key>
		<dict>
			<key>omit</key>
			<true/>
			<key>weight</key>
			<real>20</real>
		</dict>
		<key>^PkgInfo$</key>
		<dict>
			<key>omit</key>
			<true/>
			<key>weight</key>
			<real>20</real>
		</dict>
		<key>^Resources/</key>
		<dict>
			<key>weight</key>
			<real>20</real>
		</dict>
		<key>^Resources/.*\.lproj/</key>
		<dict>
			<key>optional</key>
			<true/>
			<key>weight</key>
			<real>1000</real>
		</dict>
		<key>^Resources/.*\.lproj/locversion.plist$</key>
		<dict>
			<key>omit</key>
			<true/>
			<key>weight</key>
			<real>1100</real>
		</dict>
		<key>^Resources/Base\.lproj/</key>
		<dict>
			<key>weight</key>
			<real>1010</real>
		</dict>
		<key>^[^/]+$</key>
		<dict>
			<key>nested</key>
			<true/>
			<key>weight</key>
			<real>10</real>
		</dict>
		<key>^embedded\.provisionprofile$</key>
		<dict>
			<key>weight</key>
			<real>20</real>
		</dict>
		<key>^version\.plist$</key>
		<dict>
			<key>weight</key>
			<real>20</real>
		</dict>
	</dict>
</dict>
</plist>
